"Country","Response_measure","change","date_start","date_end"
"Austria","AdaptationOfWorkplace",1,2020-03-10,NA
"Austria","ClosDaycare",1,2020-03-16,2020-05-04
"Austria","ClosHigh",1,2020-03-16,2020-09-30
"Austria","ClosPrim",1,2020-03-16,2020-05-18
"Austria","ClosPubAny",1,2020-03-16,2020-04-13
"Austria","ClosPubAnyPartial",1,2020-04-14,NA
"Austria","ClosSec",1,2020-03-16,2020-05-03
"Austria","ClosSecPartial",1,2020-05-04,2020-06-03
"Austria","EntertainmentVenues",1,2020-03-16,2020-04-30
"Austria","EntertainmentVenuesPartial",1,2020-05-01,2020-05-29
"Austria","GymsSportsCentres",1,2020-03-16,2020-04-30
"Austria","GymsSportsCentresPartial",1,2020-05-01,2020-05-29
"Austria","HotelsOtherAccommodation",1,2020-03-31,2020-05-29
"Austria","IndoorOver100",1,2020-03-10,2020-03-15
"Austria","IndoorOver100",3,2020-05-01,2020-07-01
"Austria","IndoorOver1000",1,2020-07-02,2020-07-31
"Austria","IndoorOver1000",3,2020-09-21,NA
"Austria","IndoorOver5",1,2020-03-16,2020-04-30
"Austria","MasksMandatoryAllSpaces",1,2020-09-14,NA
"Austria","MasksMandatoryClosedSpaces",1,2020-04-06,2020-06-14
"Austria","MasksMandatoryClosedSpacesPartial",1,2020-06-15,2020-09-13
"Austria","MasksVoluntaryClosedSpacesPartial",1,2020-03-31,2020-04-05
"Austria","MassGatherAll",1,2020-03-10,2020-07-31
"Austria","MassGatherAll",3,2020-09-21,NA
"Austria","NonEssentialShops",1,2020-03-16,2020-04-13
"Austria","NonEssentialShopsPartial",1,2020-04-14,2020-05-01
"Austria","OutdoorOver1000",1,2020-07-02,2020-07-31
"Austria","OutdoorOver1000",3,2020-09-21,NA
"Austria","OutdoorOver5",1,2020-03-16,2020-04-30
"Austria","OutdoorOver50",1,2020-05-01,2020-05-29
"Austria","OutdoorOver500",1,2020-03-10,2020-03-15
"Austria","OutdoorOver500",3,2020-05-30,2020-07-01
"Austria","PlaceOfWorship",1,2020-03-16,2020-05-14
"Austria","PlaceOfWorshipPartial",1,2020-05-15,NA
"Austria","RestaurantsCafes",1,2020-03-16,2020-05-15
"Austria","StayHomeGen",1,2020-03-10,2020-03-15
"Austria","StayHomeOrder",1,2020-03-16,2020-04-30
"Austria","Teleworking",1,2020-03-10,NA
"Belgium","ClosDaycare",1,2020-05-01,2020-06-02
"Belgium","ClosHigh",1,2020-03-13,NA
"Belgium","ClosPrim",1,2020-03-13,2020-05-17
"Belgium","ClosPrimPartial",1,2020-05-18,2020-06-08
"Belgium","ClosPubAny",1,2020-03-13,2020-05-03
"Belgium","ClosPubAnyPartial",1,2020-05-04,NA
"Belgium","ClosSec",1,2020-03-13,2020-05-17
"Belgium","ClosSecPartial",1,2020-05-18,2020-08-28
"Belgium","EntertainmentVenues",1,2020-03-13,2020-05-17
"Belgium","EntertainmentVenuesPartial",1,2020-05-18,NA
"Belgium","GymsSportsCentres",1,2020-03-13,2020-05-03
"Belgium","GymsSportsCentresPartial",1,2020-05-04,2020-07-01
"Belgium","IndoorOver1000",1,2020-03-10,2020-03-17
"Belgium","IndoorOver5",1,2020-03-18,2020-06-30
"Belgium","IndoorOver500",1,2020-07-01,NA
"Belgium","MasksMandatoryAllSpaces",1,2020-07-11,2020-09-30
"Belgium","MasksMandatoryClosedSpaces",1,2020-05-04,NA
"Belgium","MasksVoluntaryAllSpaces",1,2020-05-04,2020-07-10
"Belgium","MasksVoluntaryAllSpacesPartial",1,2020-10-01,NA
"Belgium","MassGatherAll",1,2020-03-10,NA
"Belgium","NonEssentialShops",1,2020-03-13,2020-05-03
"Belgium","NonEssentialShopsPartial",1,2020-05-04,2020-06-02
"Belgium","OutdoorOver5",1,2020-03-18,2020-06-30
"Belgium","OutdoorOver500",1,2020-07-01,NA
"Belgium","PlaceOfWorship",1,2020-03-13,2020-06-07
"Belgium","PlaceOfWorshipPartial",1,2020-06-08,2020-10-05
"Belgium","RestaurantsCafes",1,2020-03-13,2020-06-08
"Belgium","SocialCircle",1,2020-03-18,NA
"Belgium","StayHomeGenPartial",1,2020-05-11,2020-08-31
"Belgium","StayHomeOrder",1,2020-03-18,2020-05-10
"Belgium","Teleworking",1,2020-03-10,2020-06-07
"Belgium","TeleworkingPartial",1,2020-06-08,NA
"Bulgaria","ClosDaycare",1,2020-03-13,2020-05-21
"Bulgaria","ClosDaycarePartial",1,2020-05-22,2020-06-14
"Bulgaria","ClosHigh",1,2020-03-13,2020-05-31
"Bulgaria","ClosHighPartial",1,2020-06-01,NA
"Bulgaria","ClosPrim",1,2020-03-13,NA
"Bulgaria","ClosPubAny",1,2020-03-13,2020-05-17
"Bulgaria","ClosPubAnyPartial",1,2020-05-18,NA
"Bulgaria","ClosSec",1,2020-03-13,NA
"Bulgaria","EntertainmentVenues",1,2020-03-13,2020-05-17
"Bulgaria","EntertainmentVenuesPartial",1,2020-05-18,NA
"Bulgaria","GymsSportsCentres",1,2020-03-13,2020-05-31
"Bulgaria","GymsSportsCentresPartial",1,2020-06-01,2020-06-14
"Bulgaria","IndoorOver5",1,2020-03-13,2020-06-30
"Bulgaria","MasksMandatoryAllSpaces",1,2020-03-30,2020-03-31
"Bulgaria","MasksMandatoryAllSpaces",3,2020-04-12,2020-06-14
"Bulgaria","MasksMandatoryAllSpacesPartial",1,2020-06-15,NA
"Bulgaria","MassGatherAllPartial",1,2020-03-13,2020-06-30
"Bulgaria","NonEssentialShops",1,2020-03-13,2020-05-17
"Bulgaria","NonEssentialShopsPartial",1,2020-05-18,NA
"Bulgaria","OutdoorOver5",1,2020-03-13,2020-06-30
"Bulgaria","RestaurantsCafes",1,2020-03-13,2020-05-31
"Bulgaria","RestaurantsCafesPartial",1,2020-06-01,NA
"Bulgaria","StayHomeRiskG",1,2020-03-17,NA
"Bulgaria","Teleworking",1,2020-03-13,NA
"Croatia","ClosDaycare",1,2020-03-16,2020-05-11
"Croatia","ClosHigh",1,2020-03-16,NA
"Croatia","ClosPrim",1,2020-03-16,2020-05-10
"Croatia","ClosPrimPartial",1,2020-05-11,2020-05-25
"Croatia","ClosPubAny",1,2020-03-19,2020-05-28
"Croatia","ClosPubAnyPartial",1,2020-08-14,2020-09-22
"Croatia","ClosSec",1,2020-03-16,NA
"Croatia","ClosureOfPublicTransport",1,2020-03-22,2020-04-27
"Croatia","EntertainmentVenues",1,2020-03-19,2020-05-28
"Croatia","GymsSportsCentres",1,2020-03-19,2020-05-11
"Croatia","IndoorOver5",1,2020-03-19,NA
"Croatia","MasksMandatoryAllSpaces",1,2020-02-28,NA
"Croatia","MasksMandatoryClosedSpacesPartial",1,2020-06-25,NA
"Croatia","MassGatherAll",1,2020-03-19,2020-08-23
"Croatia","MassGatherAllPartial",1,2020-08-24,NA
"Croatia","NonEssentialShops",1,2020-03-19,2020-04-27
"Croatia","OutdoorOver5",1,2020-03-19,2020-05-17
"Croatia","OutdoorOver50",1,2020-05-18,2020-05-27
"Croatia","OutdoorOver50",3,2020-08-24,NA
"Croatia","RestaurantsCafes",1,2020-03-19,2020-05-11
"Croatia","RestaurantsCafesPartial",1,2020-08-14,2020-09-22
"Croatia","StayHomeGen",1,2020-03-17,2020-05-05
"Croatia","StayHomeRiskG",1,2020-03-03,NA
"Croatia","Teleworking",1,2020-03-19,2020-05-27
"Cyprus","ClosDaycare",1,2020-03-10,2020-06-09
"Cyprus","ClosHigh",1,2020-03-10,2020-05-11
"Cyprus","ClosPrim",1,2020-03-10,2020-05-21
"Cyprus","ClosPubAny",1,2020-03-13,2020-05-03
"Cyprus","ClosPubAnyPartial",1,2020-05-04,2020-06-29
"Cyprus","ClosSec",1,2020-03-10,2020-05-10
"Cyprus","ClosSecPartial",1,2020-05-11,2020-05-21
"Cyprus","EntertainmentVenues",1,2020-03-16,2020-05-20
"Cyprus","EntertainmentVenuesPartial",1,2020-05-21,2020-06-29
"Cyprus","GymsSportsCentres",1,2020-03-13,2020-05-03
"Cyprus","GymsSportsCentresPartial",1,2020-05-04,2020-06-13
"Cyprus","HotelsOtherAccommodation",1,2020-03-16,2020-05-03
"Cyprus","HotelsOtherAccommodationPartial",1,2020-05-04,2020-06-09
"Cyprus","IndoorOver100",1,2020-07-12,NA
"Cyprus","IndoorOver50",1,2020-03-10,2020-07-11
"Cyprus","MasksMandatoryClosedSpaces",1,2020-05-04,NA
"Cyprus","MassGatherAll",1,2020-03-10,NA
"Cyprus","NonEssentialShops",1,2020-03-16,2020-05-03
"Cyprus","NonEssentialShopsPartial",1,2020-05-04,2020-06-09
"Cyprus","OutdoorOver100",1,2020-07-12,NA
"Cyprus","OutdoorOver5",1,2020-03-10,2020-06-24
"Cyprus","OutdoorOver50",1,2020-06-25,2020-07-11
"Cyprus","PlaceOfWorship",1,2020-03-16,2020-05-03
"Cyprus","PlaceOfWorshipPartial",1,2020-05-04,2020-06-01
"Cyprus","RestaurantsCafes",1,2020-03-16,2020-05-20
"Cyprus","RestaurantsCafesPartial",1,2020-05-21,2020-06-09
"Cyprus","StayHomeOrder",1,2020-03-24,2020-05-03
"Cyprus","StayHomeOrderPartial",1,2020-05-04,2020-05-21
"Cyprus","WorkplaceClosures",1,2020-03-16,2020-04-14
"Cyprus","WorkplaceClosuresPartial",1,2020-04-15,2020-06-29
"Czechia","AdaptationOfWorkplace",1,2020-03-24,2020-05-11
"Czechia","ClosDaycare",1,2020-03-11,2020-05-11
"Czechia","ClosHigh",1,2020-03-11,2020-05-10
"Czechia","ClosHighPartial",1,2020-05-11,2020-08-31
"Czechia","ClosPrim",1,2020-03-11,2020-06-07
"Czechia","ClosPrimPartial",1,2020-06-08,2020-08-31
"Czechia","ClosPubAnyPartial",1,2020-03-10,NA
"Czechia","ClosSec",1,2020-03-11,2020-06-07
"Czechia","ClosSecPartial",1,2020-06-08,2020-08-31
"Czechia","EntertainmentVenuesPartial",1,2020-03-13,NA
"Czechia","GymsSportsCentres",1,2020-03-13,2020-04-26
"Czechia","GymsSportsCentresPartial",1,2020-04-27,NA
"Czechia","IndoorOver5",1,2020-03-23,2020-04-20
"Czechia","IndoorOver50",1,2020-03-12,2020-03-22
"Czechia","IndoorOver50",3,2020-04-21,2020-05-11
"Czechia","IndoorOver500",1,2020-03-04,2020-03-11
"Czechia","IndoorOver500",3,2020-09-01,NA
"Czechia","MasksMandatoryAllSpaces",1,2020-03-19,2020-05-10
"Czechia","MasksMandatoryAllSpacesPartial",1,2020-05-11,2020-07-03
"Czechia","MasksMandatoryClosedSpaces",1,2020-07-25,NA
"Czechia","MasksVoluntaryAllSpaces",1,2020-07-04,2020-08-31
"Czechia","MassGatherAll",1,2020-03-04,2020-05-11
"Czechia","MassGatherAll",3,2020-09-01,NA
"Czechia","NonEssentialShops",1,2020-03-14,2020-05-11
"Czechia","OutdoorOver1000",1,2020-09-01,NA
"Czechia","OutdoorOver5",1,2020-03-23,2020-04-20
"Czechia","OutdoorOver50",1,2020-03-12,2020-03-22
"Czechia","OutdoorOver50",3,2020-04-21,2020-05-11
"Czechia","OutdoorOver500",1,2020-03-04,2020-03-11
"Czechia","PlaceOfWorshipPartial",1,2020-03-10,NA
"Czechia","RestaurantsCafes",1,2020-03-14,2020-05-11
"Czechia","StayHomeOrder",1,2020-03-16,2020-04-24
"Denmark","AdaptationOfWorkplace",1,2020-05-08,2020-05-19
"Denmark","AdaptationOfWorkplacePartial",1,2020-05-20,NA
"Denmark","ClosDaycare",1,2020-03-16,2020-04-15
"Denmark","ClosHigh",1,2020-03-16,2020-07-31
"Denmark","ClosPrim",1,2020-03-16,2020-04-15
"Denmark","ClosPubAny",1,2020-03-18,2020-04-20
"Denmark","ClosPubAnyPartial",1,2020-04-21,NA
"Denmark","ClosSec",1,2020-03-16,2020-05-18
"Denmark","EntertainmentVenues",1,2020-03-18,2020-06-08
"Denmark","GymsSportsCentres",1,2020-03-18,2020-06-08
"Denmark","IndoorOver100",1,2020-03-14,2020-03-17
"Denmark","IndoorOver5",1,2020-03-18,2020-06-08
"Denmark","IndoorOver50",1,2020-06-09,2020-08-31
"Denmark","MasksMandatoryClosedSpaces",1,2020-08-22,NA
"Denmark","MasksVoluntaryAllSpacesPartial",1,2020-07-09,NA
"Denmark","MassGatherAll",1,2020-03-14,2020-06-14
"Denmark","MassGatherAllPartial",1,2020-06-15,NA
"Denmark","NonEssentialShops",1,2020-03-18,2020-04-20
"Denmark","NonEssentialShopsPartial",1,2020-04-21,NA
"Denmark","OutdoorOver100",1,2020-06-15,NA
"Denmark","OutdoorOver5",1,2020-03-18,2020-06-08
"Denmark","OutdoorOver500",1,2020-06-09,2020-06-14
"Denmark","PlaceOfWorship",1,2020-03-18,2020-05-18
"Denmark","RestaurantsCafes",1,2020-03-18,2020-05-18
"Denmark","RestaurantsCafes",3,2020-08-21,2020-09-16
"Denmark","RestaurantsCafesPartial",1,2020-09-17,NA
"Denmark","StayHomeRiskG",1,2020-03-14,NA
"Denmark","Teleworking",1,2020-03-13,2020-06-14
"Denmark","TeleworkingPartial",1,2020-06-15,NA
"Denmark","WorkplaceClosures",1,2020-03-13,2020-05-10
"Estonia","ClosHigh",1,2020-03-16,2020-05-17
"Estonia","ClosPrim",1,2020-03-16,2020-05-17
"Estonia","ClosPubAny",1,2020-03-12,2020-05-16
"Estonia","ClosPubAnyPartial",1,2020-05-17,2020-07-01
"Estonia","ClosSec",1,2020-03-16,2020-05-17
"Estonia","EntertainmentVenues",1,2020-03-12,2020-05-16
"Estonia","EntertainmentVenuesPartial",1,2020-05-17,2020-07-01
"Estonia","GymsSportsCentres",1,2020-03-16,2020-05-17
"Estonia","IndoorOver100",1,2020-06-01,2020-07-14
"Estonia","IndoorOver1000",1,2020-07-15,2020-07-31
"Estonia","IndoorOver5",1,2020-03-12,2020-05-17
"Estonia","IndoorOver50",1,2020-05-18,2020-05-31
"Estonia","IndoorOver500",1,2020-09-29,NA
"Estonia","MasksVoluntaryAllSpaces",1,2020-03-12,2020-05-16
"Estonia","MasksVoluntaryAllSpacesPartial",1,2020-05-17,2020-07-31
"Estonia","MassGatherAll",1,2020-03-12,2020-05-31
"Estonia","MassGatherAll",3,2020-08-01,NA
"Estonia","MassGatherAllPartial",1,2020-06-01,2020-07-31
"Estonia","NonEssentialShops",1,2020-03-27,2020-05-17
"Estonia","OutdoorOver100",1,2020-05-18,2020-06-30
"Estonia","OutdoorOver1000",1,2020-07-01,NA
"Estonia","OutdoorOver5",1,2020-03-12,2020-05-17
"Estonia","PlaceOfWorship",1,2020-03-12,2020-05-10
"Estonia","StayHomeGen",1,2020-03-12,2020-05-17
"Estonia","Teleworking",1,2020-03-16,NA
"Finland","ClosHigh",1,2020-03-18,2020-08-04
"Finland","ClosPrim",1,2020-03-18,2020-05-14
"Finland","ClosPubAny",1,2020-03-18,2020-05-31
"Finland","ClosPubAnyPartial",1,2020-06-01,NA
"Finland","ClosSec",1,2020-03-18,2020-08-04
"Finland","EntertainmentVenues",1,2020-03-18,2020-05-31
"Finland","EntertainmentVenuesPartial",1,2020-06-01,NA
"Finland","GymsSportsCentres",1,2020-03-18,2020-06-01
"Finland","IndoorOver50",1,2020-03-18,2020-07-31
"Finland","IndoorOver500",1,2020-03-12,2020-03-17
"Finland","IndoorOver500",3,2020-08-01,NA
"Finland","MasksVoluntaryClosedSpaces",1,2020-09-18,NA
"Finland","MasksVoluntaryClosedSpacesPartial",1,2020-08-13,2020-09-17
"Finland","MassGatherAll",1,2020-03-12,2020-06-30
"Finland","MassGatherAllPartial",1,2020-07-01,NA
"Finland","OutdoorOver50",1,2020-03-18,2020-07-31
"Finland","OutdoorOver500",1,2020-03-12,2020-03-17
"Finland","OutdoorOver500",3,2020-08-01,NA
"Finland","RestaurantsCafes",1,2020-03-18,2020-05-31
"Finland","RestaurantsCafesPartial",1,2020-06-01,2020-07-13
"Finland","RestaurantsCafesPartial",3,2020-10-01,NA
"Finland","StayHomeRiskG",1,2020-03-16,2020-06-22
"Finland","StayHomeRiskGPartial",1,2020-06-23,NA
"Finland","Teleworking",1,2020-03-18,2020-08-01
"Finland","TeleworkingPartial",1,2020-08-13,NA
"France","ClosDaycare",1,2020-03-16,2020-06-01
"France","ClosDaycarePartial",1,2020-06-02,2020-06-22
"France","ClosHighPartial",1,2020-03-16,2020-06-22
"France","ClosPrimPartial",1,2020-03-16,2020-06-22
"France","ClosPubAny",1,2020-03-16,2020-05-10
"France","ClosPubAnyPartial",1,2020-05-11,2020-06-22
"France","ClosSec",1,2020-03-16,2020-05-10
"France","ClosSecPartial",1,2020-05-11,2020-06-22
"France","EntertainmentVenues",1,2020-03-16,2020-06-01
"France","EntertainmentVenuesPartial",1,2020-06-02,2020-06-22
"France","GymsSportsCentres",1,2020-03-16,2020-06-22
"France","IndoorOver1000",1,2020-02-29,NA
"France","MasksMandatoryClosedSpaces",1,2020-05-18,NA
"France","MasksVoluntaryAllSpaces",1,2020-05-11,2020-07-25
"France","MasksVoluntaryClosedSpaces",1,2020-05-11,2020-05-17
"France","MassGatherAll",1,2020-02-29,2020-09-17
"France","MassGatherAllPartial",1,2020-09-18,NA
"France","NonEssentialShops",1,2020-03-16,2020-05-10
"France","NonEssentialShopsPartial",1,2020-05-11,2020-06-02
"France","OutdoorOver1000",1,2020-03-13,2020-03-16
"France","OutdoorOver1000",3,2020-06-16,2020-07-11
"France","OutdoorOver5",1,2020-03-17,2020-06-15
"France","OutdoorOver50",1,2020-09-18,NA
"France","RestaurantsCafes",1,2020-03-16,2020-06-01
"France","RestaurantsCafesPartial",1,2020-06-02,2020-06-15
"France","StayHomeOrder",1,2020-03-17,2020-05-11
"France","StayHomeOrderPartial",1,2020-05-12,2020-06-02
"France","Teleworking",1,2020-03-17,2020-05-10
"France","TeleworkingPartial",1,2020-05-11,NA
"France","WorkplaceClosures",1,2020-03-17,2020-05-11
"Germany","ClosDaycare",1,2020-03-13,2020-05-14
"Germany","ClosDaycarePartial",1,2020-05-15,2020-07-01
"Germany","ClosPrim",1,2020-03-13,2020-05-03
"Germany","ClosPrimPartial",1,2020-05-04,2020-06-29
"Germany","ClosPubAny",1,2020-03-16,2020-05-04
"Germany","ClosPubAnyPartial",1,2020-05-05,NA
"Germany","ClosSec",1,2020-03-13,2020-05-03
"Germany","ClosSecPartial",1,2020-05-04,2020-06-15
"Germany","EntertainmentVenues",1,2020-03-16,2020-05-04
"Germany","EntertainmentVenuesPartial",1,2020-05-05,NA
"Germany","GymsSportsCentres",1,2020-03-16,2020-05-14
"Germany","IndoorOver100",1,2020-06-30,2020-09-28
"Germany","IndoorOver1000",1,2020-03-08,2020-03-22
"Germany","IndoorOver50",1,2020-03-23,2020-06-29
"Germany","IndoorOver50",3,2020-09-29,NA
"Germany","MasksMandatoryClosedSpacesPartial",1,2020-04-27,NA
"Germany","MasksVoluntaryAllSpaces",1,2020-04-02,2020-04-27
"Germany","MassGatherAll",1,2020-03-08,2020-05-10
"Germany","MassGatherAllPartial",1,2020-05-11,NA
"Germany","NonEssentialShops",1,2020-03-16,2020-04-20
"Germany","OutdoorOver100",1,2020-06-30,NA
"Germany","OutdoorOver5",1,2020-03-23,2020-06-29
"Germany","RestaurantsCafes",1,2020-03-23,2020-05-04
"Germany","RestaurantsCafesPartial",1,2020-05-05,2020-06-08
"Germany","SocialCirclePartial",1,2020-08-02,NA
"Germany","StayHomeGen",1,2020-03-17,2020-05-05
"Germany","StayHomeGenPartial",1,2020-05-06,2020-06-29
"Greece","ClosDaycare",1,2020-03-11,2020-06-01
"Greece","ClosHigh",1,2020-03-11,2020-05-24
"Greece","ClosHighPartial",1,2020-05-25,NA
"Greece","ClosPrim",1,2020-03-11,2020-06-01
"Greece","ClosPubAny",1,2020-03-14,2020-05-03
"Greece","ClosPubAnyPartial",1,2020-05-04,NA
"Greece","ClosSec",1,2020-03-11,2020-05-10
"Greece","ClosSecPartial",1,2020-05-11,2020-05-18
"Greece","EntertainmentVenues",1,2020-03-14,2020-05-17
"Greece","EntertainmentVenuesPartial",1,2020-05-18,2020-06-15
"Greece","EntertainmentVenuesPartial",3,2020-07-13,NA
"Greece","GymsSportsCentres",1,2020-03-14,2020-06-05
"Greece","GymsSportsCentresPartial",1,2020-06-06,2020-06-15
"Greece","HotelsOtherAccommodation",1,2020-03-15,2020-05-24
"Greece","HotelsOtherAccommodationPartial",1,2020-05-25,2020-07-01
"Greece","IndoorOver100",1,2020-08-09,NA
"Greece","IndoorOver5",1,2020-03-19,2020-05-03
"Greece","MasksMandatoryClosedSpaces",1,2020-04-28,NA
"Greece","MasksVoluntaryClosedSpaces",1,2020-04-28,2020-08-07
"Greece","MassGatherAll",1,2020-03-19,2020-05-03
"Greece","MassGatherAll",3,2020-08-09,NA
"Greece","NonEssentialShops",1,2020-03-14,2020-05-03
"Greece","NonEssentialShopsPartial",1,2020-05-04,2020-06-01
"Greece","OutdoorOver100",1,2020-08-09,NA
"Greece","OutdoorOver5",1,2020-03-19,2020-05-03
"Greece","PlaceOfWorship",1,2020-03-14,2020-05-16
"Greece","PlaceOfWorshipPartial",1,2020-05-17,2020-06-05
"Greece","RestaurantsCafes",1,2020-03-14,2020-05-31
"Greece","RestaurantsCafesPartial",1,2020-06-01,NA
"Greece","StayHomeGen",1,2020-02-27,2020-03-22
"Greece","StayHomeOrder",1,2020-03-23,2020-05-04
"Greece","StayHomeRiskG",1,2020-03-11,NA
"Greece","Teleworking",1,2020-03-19,NA
"Hungary","ClosDaycare",1,2020-03-25,2020-06-02
"Hungary","ClosHigh",1,2020-03-25,2020-05-18
"Hungary","ClosPrim",1,2020-03-16,2020-06-01
"Hungary","ClosPrimPartial",1,2020-06-02,2020-06-26
"Hungary","ClosPubAny",1,2020-03-13,2020-05-18
"Hungary","ClosPubAny",3,2020-09-21,NA
"Hungary","ClosSec",1,2020-03-16,2020-06-01
"Hungary","ClosSecPartial",1,2020-06-02,2020-06-26
"Hungary","EntertainmentVenues",1,2020-03-13,2020-05-18
"Hungary","EntertainmentVenues",3,2020-09-21,NA
"Hungary","IndoorOver100",1,2020-03-11,2020-03-15
"Hungary","IndoorOver5",1,2020-03-16,2020-06-11
"Hungary","MasksMandatoryClosedSpaces",1,2020-05-04,NA
"Hungary","MassGatherAll",1,2020-03-11,2020-06-11
"Hungary","NonEssentialShops",1,2020-03-28,2020-05-18
"Hungary","OutdoorOver5",1,2020-03-16,2020-06-11
"Hungary","RestaurantsCafes",1,2020-03-28,2020-05-18
"Hungary","StayHomeGen",1,2020-03-21,2020-03-26
"Hungary","StayHomeOrder",1,2020-03-27,2020-05-18
"Iceland","AdaptationOfWorkplace",1,2020-03-16,NA
"Iceland","ClosHigh",1,2020-03-16,2020-05-04
"Iceland","ClosPubAny",1,2020-03-16,2020-05-03
"Iceland","ClosPubAnyPartial",1,2020-05-04,2020-06-15
"Iceland","ClosPubAnyPartial",3,2020-08-31,NA
"Iceland","ClosSec",1,2020-03-16,2020-05-04
"Iceland","EntertainmentVenues",1,2020-03-16,2020-05-03
"Iceland","EntertainmentVenuesPartial",1,2020-05-04,2020-05-25
"Iceland","EntertainmentVenuesPartial",3,2020-08-31,NA
"Iceland","GymsSportsCentres",1,2020-03-16,2020-05-17
"Iceland","GymsSportsCentresPartial",1,2020-05-18,2020-06-15
"Iceland","IndoorOver100",1,2020-03-16,2020-03-23
"Iceland","IndoorOver100",3,2020-07-31,2020-09-09
"Iceland","IndoorOver50",1,2020-03-24,2020-05-25
"Iceland","IndoorOver500",1,2020-05-26,2020-07-30
"Iceland","IndoorOver500",3,2020-09-10,NA
"Iceland","MasksVoluntaryAllSpacesPartial",1,2020-07-31,NA
"Iceland","MassGatherAll",1,2020-03-16,2020-05-24
"Iceland","MassGatherAllPartial",1,2020-05-25,NA
"Iceland","OutdoorOver100",1,2020-03-16,2020-03-23
"Iceland","OutdoorOver100",3,2020-07-31,2020-09-07
"Iceland","OutdoorOver50",1,2020-03-24,2020-05-25
"Iceland","OutdoorOver500",1,2020-05-26,2020-07-30
"Iceland","OutdoorOver500",3,2020-09-08,NA
"Iceland","RestaurantsCafes",1,2020-03-16,2020-05-25
"Iceland","StayHomeRiskG",1,2020-03-16,NA
"Ireland","ClosDaycare",1,2020-03-12,2020-06-29
"Ireland","ClosHigh",1,2020-03-12,NA
"Ireland","ClosPrim",1,2020-03-12,2020-08-24
"Ireland","ClosPubAny",1,2020-03-12,2020-03-26
"Ireland","ClosPubAny",3,2020-06-06,2020-06-29
"Ireland","ClosPubAnyPartial",1,2020-03-27,2020-06-05
"Ireland","ClosPubAnyPartial",3,2020-10-06,NA
"Ireland","ClosSec",1,2020-03-12,2020-08-31
"Ireland","ClosureOfPublicTransportPartial",1,2020-03-27,2020-06-05
"Ireland","EntertainmentVenues",1,2020-03-12,2020-06-29
"Ireland","EntertainmentVenues",3,2020-10-06,NA
"Ireland","GymsSportsCentres",1,2020-03-24,2020-06-29
"Ireland","GymsSportsCentresPartial",1,2020-10-06,NA
"Ireland","IndoorOver100",1,2020-03-12,2020-03-23
"Ireland","IndoorOver5",1,2020-03-24,2020-06-28
"Ireland","IndoorOver50",1,2020-06-29,NA
"Ireland","MasksMandatoryClosedSpaces",1,2020-06-29,NA
"Ireland","MasksVoluntaryAllSpaces",1,2020-05-18,NA
"Ireland","MassGatherAll",1,2020-03-12,NA
"Ireland","NonEssentialShops",1,2020-03-24,2020-06-29
"Ireland","OutdoorOver5",1,2020-03-24,2020-06-28
"Ireland","OutdoorOver50",1,2020-08-24,NA
"Ireland","OutdoorOver500",1,2020-03-12,2020-03-23
"Ireland","OutdoorOver500",3,2020-06-29,2020-08-23
"Ireland","PlaceOfWorshipPartial",1,2020-10-06,NA
"Ireland","RestaurantsCafes",1,2020-03-24,2020-06-29
"Ireland","RestaurantsCafesPartial",1,2020-10-06,NA
"Ireland","StayHomeGen",1,2020-03-24,2020-03-26
"Ireland","StayHomeGen",3,2020-05-18,2020-06-26
"Ireland","StayHomeGenPartial",1,2020-03-12,2020-03-23
"Ireland","StayHomeOrder",1,2020-03-27,2020-05-17
"Ireland","StayHomeRiskG",1,2020-03-12,NA
"Ireland","Teleworking",1,2020-03-12,2020-06-07
"Ireland","TeleworkingPartial",1,2020-06-08,NA
"Italy","AdaptationOfWorkplace",1,2020-03-10,NA
"Italy","ClosDaycare",1,2020-03-10,2020-06-10
"Italy","ClosDaycarePartial",1,2020-03-04,2020-03-09
"Italy","ClosDaycarePartial",3,2020-06-11,2020-09-14
"Italy","ClosHigh",1,2020-03-10,2020-06-10
"Italy","ClosHighPartial",1,2020-03-04,2020-03-09
"Italy","ClosHighPartial",3,2020-06-11,2020-09-14
"Italy","ClosPrim",1,2020-03-11,2020-09-14
"Italy","ClosPrimPartial",1,2020-03-04,2020-03-10
"Italy","ClosPubAnyPartial",1,2020-03-10,NA
"Italy","ClosSec",1,2020-03-04,2020-06-16
"Italy","ClosSec",3,2020-07-05,2020-09-14
"Italy","ClosSecPartial",1,2020-06-17,2020-07-04
"Italy","EntertainmentVenues",1,2020-03-10,2020-05-17
"Italy","EntertainmentVenuesPartial",1,2020-05-18,2020-06-15
"Italy","GymsSportsCentres",1,2020-03-10,2020-05-24
"Italy","GymsSportsCentresPartial",1,2020-05-25,NA
"Italy","IndoorOver100",1,2020-06-12,2020-08-06
"Italy","IndoorOver500",1,2020-08-07,NA
"Italy","MasksMandatoryAllSpaces",1,2020-04-26,2020-07-14
"Italy","MasksMandatoryAllSpaces",3,2020-08-16,2020-09-30
"Italy","MasksMandatoryAllSpacesPartial",1,2020-07-15,2020-08-15
"Italy","MasksMandatoryClosedSpaces",1,2020-04-14,NA
"Italy","MassGatherAllPartial",1,2020-06-12,NA
"Italy","NonEssentialShops",1,2020-03-10,2020-04-13
"Italy","NonEssentialShopsPartial",1,2020-04-14,2020-05-18
"Italy","OutdoorOver1000",1,2020-08-07,NA
"Italy","OutdoorOver500",1,2020-06-12,2020-08-06
"Italy","PlaceOfWorship",1,2020-03-10,2020-06-15
"Italy","RestaurantsCafesPartial",1,2020-03-10,2020-05-18
"Italy","StayHomeOrder",1,2020-03-10,2020-05-04
"Italy","StayHomeRiskG",1,2020-03-04,NA
"Italy","Teleworking",1,2020-03-12,NA
"Latvia","ClosDaycarePartial",1,2020-03-17,2020-06-10
"Latvia","ClosHigh",1,2020-03-17,2020-08-31
"Latvia","ClosPrim",1,2020-03-17,2020-08-31
"Latvia","ClosPubAny",1,2020-03-17,2020-05-11
"Latvia","ClosPubAnyPartial",1,2020-05-12,2020-06-10
"Latvia","ClosPubAnyPartial",3,2020-07-11,NA
"Latvia","ClosSecPartial",1,2020-03-17,2020-05-07
"Latvia","EntertainmentVenues",1,2020-03-17,2020-05-11
"Latvia","EntertainmentVenuesPartial",1,2020-05-12,2020-06-10
"Latvia","GymsSportsCentres",1,2020-03-17,2020-05-11
"Latvia","GymsSportsCentresPartial",1,2020-05-12,2020-06-10
"Latvia","IndoorOver100",1,2020-06-11,2020-07-31
"Latvia","IndoorOver1000",1,2020-08-17,NA
"Latvia","IndoorOver50",1,2020-03-17,2020-06-10
"Latvia","IndoorOver500",1,2020-08-01,2020-08-16
"Latvia","MasksMandatoryAllSpacesPartial",1,2020-03-17,2020-06-30
"Latvia","MasksMandatoryClosedSpaces",1,2020-10-07,NA
"Latvia","MasksMandatoryClosedSpacesPartial",1,2020-05-12,2020-06-30
"Latvia","MasksVoluntaryAllSpacesPartial",1,2020-04-20,2020-06-30
"Latvia","MassGatherAll",1,2020-03-17,2020-06-30
"Latvia","MassGatherAll",3,2020-08-01,NA
"Latvia","MassGatherAllPartial",1,2020-07-01,2020-07-31
"Latvia","OutdoorOver100",1,2020-05-12,2020-06-10
"Latvia","OutdoorOver1000",1,2020-07-01,NA
"Latvia","OutdoorOver500",1,2020-06-11,2020-06-30
"Latvia","PlaceOfWorship",1,2020-03-17,2020-05-11
"Latvia","PlaceOfWorshipPartial",1,2020-05-12,2020-06-10
"Latvia","RestaurantsCafesPartial",1,2020-07-11,NA
"Latvia","StayHomeGen",1,2020-03-17,2020-05-11
"Latvia","StayHomeGenPartial",1,2020-05-12,2020-06-10
"Latvia","Teleworking",1,2020-03-17,NA
"Liechtenstein","ClosDaycare",1,2020-03-16,2020-05-11
"Liechtenstein","ClosHigh",1,2020-03-16,2020-06-08
"Liechtenstein","ClosPrim",1,2020-03-16,2020-06-08
"Liechtenstein","ClosPubAnyPartial",1,2020-03-12,2020-06-06
"Liechtenstein","ClosSec",1,2020-03-16,2020-06-08
"Liechtenstein","EntertainmentVenues",1,2020-03-17,2020-06-06
"Liechtenstein","GymsSportsCentresPartial",1,2020-03-12,2020-06-06
"Liechtenstein","IndoorOver100",1,2020-03-13,2020-03-15
"Liechtenstein","IndoorOver100",3,2020-03-20,2020-07-03
"Liechtenstein","IndoorOver1000",1,2020-02-28,2020-03-12
"Liechtenstein","IndoorOver1000",3,2020-07-04,2020-09-30
"Liechtenstein","IndoorOver5",1,2020-03-16,2020-03-19
"Liechtenstein","MasksMandatoryClosedSpacesPartial",1,2020-07-06,NA
"Liechtenstein","MasksVoluntaryClosedSpaces",1,2020-05-13,2020-07-05
"Liechtenstein","MassGatherAll",1,2020-02-28,2020-09-30
"Liechtenstein","NonEssentialShops",1,2020-03-17,2020-04-27
"Liechtenstein","OutdoorOver100",1,2020-03-13,2020-03-15
"Liechtenstein","OutdoorOver100",3,2020-05-21,2020-07-03
"Liechtenstein","OutdoorOver1000",1,2020-02-28,2020-03-12
"Liechtenstein","OutdoorOver5",1,2020-03-16,2020-05-20
"Liechtenstein","RestaurantsCafes",1,2020-03-17,2020-05-15
"Liechtenstein","StayHomeGen",1,2020-03-21,2020-05-18
"Liechtenstein","StayHomeRiskG",1,2020-03-16,NA
"Lithuania","ClosDaycare",1,2020-03-16,2020-04-26
"Lithuania","ClosDaycarePartial",1,2020-04-27,2020-05-27
"Lithuania","ClosHigh",1,2020-03-16,2020-05-24
"Lithuania","ClosHighPartial",1,2020-05-25,2020-06-30
"Lithuania","ClosPrim",1,2020-03-16,2020-05-24
"Lithuania","ClosPrimPartial",1,2020-05-25,2020-06-23
"Lithuania","ClosPubAnyPartial",1,2020-03-16,NA
"Lithuania","ClosSec",1,2020-03-16,2020-05-31
"Lithuania","ClosSecPartial",1,2020-06-01,2020-06-16
"Lithuania","EntertainmentVenues",1,2020-03-16,2020-04-26
"Lithuania","EntertainmentVenuesPartial",1,2020-04-27,2020-07-17
"Lithuania","GymsSportsCentresPartial",1,2020-03-16,2020-06-16
"Lithuania","IndoorOver100",1,2020-06-01,2020-06-15
"Lithuania","IndoorOver1000",1,2020-08-16,2020-08-31
"Lithuania","IndoorOver5",1,2020-03-12,2020-05-31
"Lithuania","IndoorOver500",1,2020-06-17,2020-07-31
"Lithuania","MasksMandatoryAllSpacesPartial",1,2020-04-30,2020-06-16
"Lithuania","MasksMandatoryClosedSpaces",1,2020-04-10,2020-05-13
"Lithuania","MasksMandatoryClosedSpacesPartial",1,2020-08-01,NA
"Lithuania","MasksVoluntaryAllSpaces",1,2020-03-23,2020-04-09
"Lithuania","MasksVoluntaryAllSpaces",3,2020-06-16,NA
"Lithuania","MassGatherAll",1,2020-03-12,2020-03-18
"Lithuania","MassGatherAll",3,2020-07-01,2020-08-15
"Lithuania","MassGatherAllPartial",1,2020-03-19,2020-06-30
"Lithuania","MassGatherAllPartial",3,2020-08-16,2020-08-31
"Lithuania","NonEssentialShops",1,2020-03-16,2020-04-22
"Lithuania","NonEssentialShopsPartial",1,2020-04-23,NA
"Lithuania","OutdoorOver1000",1,2020-06-17,2020-08-31
"Lithuania","OutdoorOver5",1,2020-03-19,2020-06-08
"Lithuania","OutdoorOver50",1,2020-06-09,2020-06-16
"Lithuania","PlaceOfWorship",1,2020-03-16,2020-04-26
"Lithuania","PlaceOfWorshipPartial",1,2020-04-27,2020-06-16
"Lithuania","RestaurantsCafes",1,2020-03-16,2020-05-03
"Lithuania","RestaurantsCafesPartial",1,2020-05-04,2020-06-16
"Lithuania","StayHomeGen",1,2020-03-16,2020-06-16
"Lithuania","Teleworking",1,2020-03-10,2020-06-15
"Lithuania","TeleworkingPartial",1,2020-06-16,NA
"Luxembourg","ClosDaycare",1,2020-03-16,2020-05-24
"Luxembourg","ClosHigh",1,2020-03-16,2020-05-24
"Luxembourg","ClosPrim",1,2020-03-16,2020-05-24
"Luxembourg","ClosPubAnyPartial",1,2020-03-16,NA
"Luxembourg","ClosSec",1,2020-03-16,2020-05-04
"Luxembourg","ClosSecPartial",1,2020-05-05,2020-05-26
"Luxembourg","ClosureOfPublicTransportPartial",1,2020-03-16,2020-06-08
"Luxembourg","EntertainmentVenues",1,2020-03-16,2020-05-10
"Luxembourg","EntertainmentVenuesPartial",1,2020-05-11,NA
"Luxembourg","GymsSportsCentres",1,2020-03-16,2020-05-29
"Luxembourg","IndoorOver1000",1,2020-03-09,2020-03-15
"Luxembourg","IndoorOver5",1,2020-03-16,2020-05-11
"Luxembourg","IndoorOver50",1,2020-05-12,NA
"Luxembourg","MasksMandatoryAllSpaces",1,2020-03-18,2020-04-19
"Luxembourg","MasksMandatoryAllSpacesPartial",1,2020-06-22,NA
"Luxembourg","MasksMandatoryClosedSpacesPartial",1,2020-04-20,NA
"Luxembourg","MassGatherAll",1,2020-03-09,2020-03-15
"Luxembourg","MassGatherAllPartial",1,2020-03-16,NA
"Luxembourg","NonEssentialShops",1,2020-03-16,2020-04-19
"Luxembourg","NonEssentialShopsPartial",1,2020-04-20,2020-05-11
"Luxembourg","OutdoorOver5",1,2020-03-16,2020-05-11
"Luxembourg","OutdoorOver500",1,2020-05-12,2020-07-31
"Luxembourg","RestaurantsCafes",1,2020-03-16,2020-05-29
"Luxembourg","RestaurantsCafesPartial",1,2020-05-30,NA
"Luxembourg","StayHomeOrder",1,2020-03-18,2020-04-19
"Luxembourg","StayHomeOrderPartial",1,2020-04-20,2020-05-11
"Luxembourg","StayHomeRiskG",1,2020-03-12,NA
"Luxembourg","Teleworking",1,2020-03-13,NA
"Malta","ClosDaycare",1,2020-03-13,NA
"Malta","ClosHigh",1,2020-03-13,2020-06-30
"Malta","ClosPrim",1,2020-03-13,2020-06-30
"Malta","ClosPubAny",1,2020-03-18,2020-05-21
"Malta","ClosPubAnyPartial",1,2020-05-22,NA
"Malta","ClosSec",1,2020-03-13,2020-06-30
"Malta","EntertainmentVenues",1,2020-03-18,2020-05-21
"Malta","EntertainmentVenues",3,2020-08-17,NA
"Malta","GymsSportsCentres",1,2020-03-18,2020-06-02
"Malta","GymsSportsCentresPartial",1,2020-06-03,NA
"Malta","IndoorOver5",1,2020-03-13,NA
"Malta","MasksMandatoryClosedSpaces",1,2020-05-22,NA
"Malta","MassGatherAll",1,2020-03-13,NA
"Malta","NonEssentialShops",1,2020-03-23,2020-05-21
"Malta","NonEssentialShopsPartial",1,2020-05-22,NA
"Malta","OutdoorOver5",1,2020-03-13,NA
"Malta","RestaurantsCafes",1,2020-03-18,2020-05-21
"Malta","RestaurantsCafesPartial",1,2020-05-22,NA
"Malta","StayHomeRiskG",1,2020-03-28,NA
"Malta","Teleworking",1,2020-05-08,NA
"Netherlands","AdaptationOfWorkplace",1,2020-05-11,NA
"Netherlands","ClosDaycare",1,2020-03-16,2020-05-10
"Netherlands","ClosDaycarePartial",1,2020-05-11,2020-06-08
"Netherlands","ClosHigh",1,2020-03-12,2020-06-14
"Netherlands","ClosHighPartial",1,2020-06-15,2020-09-01
"Netherlands","ClosPrim",1,2020-03-16,2020-05-10
"Netherlands","ClosPrimPartial",1,2020-05-11,2020-06-08
"Netherlands","ClosPubAnyPartial",1,2020-03-12,NA
"Netherlands","ClosSec",1,2020-03-16,2020-06-01
"Netherlands","ClosSecPartial",1,2020-06-02,2020-06-30
"Netherlands","ClosureOfPublicTransportPartial",1,2020-03-12,2020-05-31
"Netherlands","EntertainmentVenues",1,2020-03-12,2020-03-23
"Netherlands","EntertainmentVenuesPartial",1,2020-03-24,NA
"Netherlands","GymsSportsCentres",1,2020-03-16,2020-04-28
"Netherlands","GymsSportsCentresPartial",1,2020-04-29,2020-06-30
"Netherlands","IndoorOver100",1,2020-03-12,2020-03-22
"Netherlands","IndoorOver100",3,2020-07-01,2020-09-28
"Netherlands","IndoorOver5",1,2020-03-23,2020-06-01
"Netherlands","IndoorOver50",1,2020-06-02,2020-06-30
"Netherlands","IndoorOver50",3,2020-09-29,NA
"Netherlands","MasksMandatoryClosedSpaces",1,2020-06-01,NA
"Netherlands","MasksVoluntaryClosedSpaces",1,2020-09-30,NA
"Netherlands","MassGatherAll",1,2020-03-12,2020-06-30
"Netherlands","MassGatherAll",3,2020-09-29,NA
"Netherlands","MassGatherAllPartial",1,2020-07-01,2020-09-28
"Netherlands","OutdoorOver100",1,2020-03-12,2020-03-22
"Netherlands","OutdoorOver5",1,2020-03-23,2020-06-01
"Netherlands","OutdoorOver50",1,2020-09-29,NA
"Netherlands","OutdoorOver500",1,2020-07-01,2020-09-28
"Netherlands","PlaceOfWorship",1,2020-03-16,2020-05-31
"Netherlands","PlaceOfWorshipPartial",1,2020-06-01,2020-06-30
"Netherlands","RestaurantsCafes",1,2020-03-15,2020-05-31
"Netherlands","RestaurantsCafesPartial",1,2020-06-01,2020-06-30
"Netherlands","RestaurantsCafesPartial",3,2020-09-29,NA
"Netherlands","StayHomeGen",1,2020-03-16,2020-05-10
"Netherlands","StayHomeGenPartial",1,2020-05-11,2020-06-01
"Netherlands","StayHomeRiskG",1,2020-03-13,2020-06-26
"Netherlands","Teleworking",1,2020-03-12,NA
"Netherlands","WorkplaceClosures",1,2020-03-23,2020-05-10
"Norway","ClosDaycare",1,2020-03-12,2020-04-20
"Norway","ClosHigh",1,2020-03-12,2020-06-15
"Norway","ClosPrim",1,2020-03-12,2020-04-27
"Norway","ClosPubAnyPartial",1,2020-03-12,NA
"Norway","ClosSec",1,2020-03-12,2020-05-11
"Norway","EntertainmentVenues",1,2020-03-12,2020-05-31
"Norway","EntertainmentVenuesPartial",1,2020-06-01,2020-06-15
"Norway","GymsSportsCentres",1,2020-03-12,2020-06-15
"Norway","IndoorOver5",1,2020-03-12,2020-05-06
"Norway","IndoorOver50",1,2020-05-07,2020-06-14
"Norway","IndoorOver500",1,2020-06-15,NA
"Norway","MasksMandatoryClosedSpacesPartial",1,2020-08-14,NA
"Norway","MassGatherAll",1,2020-03-12,2020-06-14
"Norway","MassGatherAllPartial",1,2020-06-15,NA
"Norway","OutdoorOver5",1,2020-03-12,2020-05-06
"Norway","OutdoorOver50",1,2020-05-07,2020-06-14
"Norway","OutdoorOver500",1,2020-06-15,NA
"Norway","RestaurantsCafesPartial",1,2020-03-12,NA
"Norway","SocialCircle",1,2020-06-02,NA
"Norway","StayHomeRiskG",1,2020-03-12,2020-06-01
"Norway","Teleworking",1,2020-03-10,NA
"Poland","AdaptationOfWorkplace",1,2020-04-02,NA
"Poland","ClosDaycare",1,2020-03-12,2020-05-06
"Poland","ClosHigh",1,2020-03-12,2020-05-24
"Poland","ClosHighPartial",1,2020-05-25,2020-08-31
"Poland","ClosPrim",1,2020-03-12,2020-05-24
"Poland","ClosPrimPartial",1,2020-05-25,2020-08-31
"Poland","ClosPubAny",1,2020-03-14,2020-03-31
"Poland","ClosPubAnyPartial",1,2020-04-01,NA
"Poland","ClosSec",1,2020-03-12,2020-05-24
"Poland","ClosSecPartial",1,2020-05-25,2020-08-31
"Poland","ClosureOfPublicTransportPartial",1,2020-04-01,NA
"Poland","EntertainmentVenues",1,2020-03-14,2020-06-06
"Poland","EntertainmentVenuesPartial",1,2020-06-07,NA
"Poland","GymsSportsCentres",1,2020-03-14,2020-06-04
"Poland","GymsSportsCentresPartial",1,2020-06-05,NA
"Poland","HotelsOtherAccommodation",1,2020-03-14,2020-05-04
"Poland","IndoorOver100",1,2020-08-06,NA
"Poland","IndoorOver1000",1,2020-06-18,2020-08-05
"Poland","IndoorOver5",1,2020-04-02,2020-05-03
"Poland","IndoorOver50",1,2020-03-14,2020-04-01
"Poland","IndoorOver500",1,2020-03-10,2020-03-13
"Poland","MasksMandatoryAllSpaces",1,2020-04-16,2020-05-29
"Poland","MasksMandatoryAllSpacesPartial",1,2020-05-30,NA
"Poland","MasksMandatoryClosedSpacesPartial",1,2020-05-30,NA
"Poland","MassGatherAll",1,2020-03-10,2020-06-17
"Poland","MassGatherAllPartial",1,2020-06-18,NA
"Poland","NonEssentialShops",1,2020-03-14,2020-05-03
"Poland","NonEssentialShopsPartial",1,2020-05-04,2020-05-30
"Poland","OutdoorOver100",1,2020-05-30,2020-07-16
"Poland","OutdoorOver100",3,2020-08-06,NA
"Poland","OutdoorOver1000",1,2020-03-10,2020-03-13
"Poland","OutdoorOver1000",3,2020-07-17,2020-08-05
"Poland","OutdoorOver5",1,2020-04-02,2020-05-29
"Poland","OutdoorOver50",1,2020-03-14,2020-04-01
"Poland","PlaceOfWorshipPartial",1,2020-04-19,2020-05-30
"Poland","RestaurantsCafes",1,2020-03-14,2020-05-17
"Poland","RestaurantsCafesPartial",1,2020-05-18,2020-05-29
"Poland","StayHomeGen",1,2020-04-20,2020-05-04
"Poland","StayHomeOrder",1,2020-03-24,2020-04-19
"Poland","StayHomeRiskG",1,2020-03-08,NA
"Poland","Teleworking",1,2020-03-08,NA
"Portugal","ClosDaycare",1,2020-03-16,2020-05-17
"Portugal","ClosDaycarePartial",1,2020-05-18,2020-05-31
"Portugal","ClosHigh",1,2020-03-16,2020-05-17
"Portugal","ClosHighPartial",1,2020-05-18,2020-09-07
"Portugal","ClosPrim",1,2020-03-16,2020-09-14
"Portugal","ClosPubAny",1,2020-03-13,2020-03-17
"Portugal","ClosPubAnyPartial",1,2020-03-18,NA
"Portugal","ClosSec",1,2020-03-16,2020-05-17
"Portugal","ClosSecPartial",1,2020-05-18,2020-09-14
"Portugal","ClosureOfPublicTransportPartial",1,2020-03-18,NA
"Portugal","EntertainmentVenues",1,2020-03-13,2020-05-17
"Portugal","EntertainmentVenuesPartial",1,2020-05-18,NA
"Portugal","GymsSportsCentres",1,2020-03-15,2020-05-03
"Portugal","GymsSportsCentresPartial",1,2020-05-04,NA
"Portugal","IndoorOver100",1,2020-03-15,2020-05-02
"Portugal","IndoorOver50",1,2020-05-03,NA
"Portugal","MasksMandatoryClosedSpaces",1,2020-05-04,NA
"Portugal","MassGatherAll",1,2020-03-15,NA
"Portugal","NonEssentialShops",1,2020-03-15,2020-05-03
"Portugal","NonEssentialShopsPartial",1,2020-05-04,NA
"Portugal","OutdoorOver100",1,2020-03-15,2020-05-02
"Portugal","OutdoorOver50",1,2020-05-03,NA
"Portugal","PlaceOfWorship",1,2020-03-13,2020-05-30
"Portugal","RestaurantsCafes",1,2020-03-15,2020-05-17
"Portugal","RestaurantsCafesPartial",1,2020-05-18,NA
"Portugal","StayHomeGen",1,2020-03-19,2020-05-02
"Portugal","StayHomeRiskG",1,2020-03-18,NA
"Portugal","Teleworking",1,2020-03-16,2020-05-31
"Portugal","TeleworkingPartial",1,2020-06-01,NA
"Romania","AdaptationOfWorkplace",1,2020-03-16,NA
"Romania","ClosDaycare",1,2020-03-16,2020-06-14
"Romania","ClosDaycarePartial",1,2020-06-15,2020-09-14
"Romania","ClosHigh",1,2020-03-16,2020-06-14
"Romania","ClosHighPartial",1,2020-08-31,NA
"Romania","ClosPrim",1,2020-03-16,2020-06-14
"Romania","ClosPrimPartial",1,2020-06-15,2020-09-14
"Romania","ClosPubAny",1,2020-03-18,2020-05-13
"Romania","ClosPubAnyPartial",1,2020-05-14,NA
"Romania","ClosSec",1,2020-03-16,2020-06-01
"Romania","ClosSecPartial",1,2020-06-02,2020-09-14
"Romania","EntertainmentVenues",1,2020-03-18,2020-05-13
"Romania","EntertainmentVenuesPartial",1,2020-05-14,NA
"Romania","GymsSportsCentres",1,2020-03-18,2020-05-30
"Romania","GymsSportsCentresPartial",1,2020-05-31,2020-06-14
"Romania","HotelsOtherAccommodation",1,2020-03-18,2020-05-15
"Romania","IndoorOver5",1,2020-03-22,2020-05-31
"Romania","IndoorOver50",1,2020-09-01,NA
"Romania","MasksMandatoryClosedSpaces",1,2020-05-15,NA
"Romania","MassGatherAll",1,2020-03-18,2020-05-30
"Romania","MassGatherAllPartial",1,2020-05-31,NA
"Romania","NonEssentialShops",1,2020-03-22,2020-05-13
"Romania","NonEssentialShopsPartial",1,2020-05-14,2020-06-14
"Romania","OutdoorOver100",1,2020-03-18,2020-03-21
"Romania","OutdoorOver100",3,2020-06-15,NA
"Romania","OutdoorOver5",1,2020-03-22,2020-06-14
"Romania","PlaceOfWorship",1,2020-03-18,2020-05-14
"Romania","PlaceOfWorshipPartial",1,2020-05-15,NA
"Romania","RestaurantsCafes",1,2020-03-18,2020-06-14
"Romania","RestaurantsCafesPartial",1,2020-06-15,NA
"Romania","StayHomeOrder",1,2020-03-22,2020-05-13
"Romania","StayHomeOrderPartial",1,2020-05-14,2020-05-31
"Romania","StayHomeRiskG",1,2020-03-25,2020-05-14
"Romania","Teleworking",1,2020-03-16,2020-05-14
"Romania","TeleworkingPartial",1,2020-05-15,NA
"Slovakia","ClosDaycare",1,2020-03-16,2020-06-01
"Slovakia","ClosHigh",1,2020-03-12,2020-06-09
"Slovakia","ClosHighPartial",1,2020-06-10,NA
"Slovakia","ClosPrim",1,2020-03-12,2020-06-01
"Slovakia","ClosPubAny",1,2020-03-16,2020-05-20
"Slovakia","ClosPubAny",3,2020-10-01,NA
"Slovakia","ClosSec",1,2020-03-12,2020-06-01
"Slovakia","EntertainmentVenues",1,2020-03-16,2020-05-20
"Slovakia","GymsSportsCentres",1,2020-03-16,2020-05-20
"Slovakia","IndoorOver100",1,2020-05-28,2020-06-10
"Slovakia","IndoorOver50",1,2020-03-09,2020-05-27
"Slovakia","IndoorOver50",3,2020-10-01,NA
"Slovakia","IndoorOver500",1,2020-09-01,2020-09-30
"Slovakia","MasksMandatoryAllSpaces",1,2020-03-12,2020-04-20
"Slovakia","MasksMandatoryAllSpaces",3,2020-10-01,NA
"Slovakia","MasksMandatoryAllSpacesPartial",1,2020-04-21,2020-06-30
"Slovakia","MasksMandatoryClosedSpaces",1,2020-07-01,NA
"Slovakia","MasksVoluntaryAllSpaces",1,2020-07-01,2020-09-30
"Slovakia","MassGatherAll",1,2020-03-09,2020-06-10
"Slovakia","MassGatherAll",3,2020-09-01,NA
"Slovakia","OutdoorOver100",1,2020-05-28,2020-06-10
"Slovakia","OutdoorOver1000",1,2020-09-01,2020-09-30
"Slovakia","OutdoorOver50",1,2020-03-09,2020-05-27
"Slovakia","OutdoorOver50",3,2020-10-01,NA
"Slovakia","RestaurantsCafes",1,2020-03-16,2020-05-20
"Slovakia","RestaurantsCafes",3,2020-10-01,NA
"Slovenia","ClosDaycare",1,2020-03-12,2020-05-17
"Slovenia","ClosHigh",1,2020-03-12,2020-05-29
"Slovenia","ClosPrim",1,2020-03-12,2020-05-17
"Slovenia","ClosPrimPartial",1,2020-05-18,2020-06-01
"Slovenia","ClosPubAny",1,2020-03-14,2020-04-28
"Slovenia","ClosPubAnyPartial",1,2020-04-29,NA
"Slovenia","ClosSec",1,2020-03-12,2020-05-31
"Slovenia","ClosSecPartial",1,2020-06-01,2020-06-23
"Slovenia","ClosureOfPublicTransport",1,2020-03-14,2020-05-04
"Slovenia","EntertainmentVenues",1,2020-03-15,2020-04-28
"Slovenia","EntertainmentVenuesPartial",1,2020-04-29,NA
"Slovenia","GymsSportsCentres",1,2020-03-15,2020-05-17
"Slovenia","GymsSportsCentresPartial",1,2020-05-18,2020-06-01
"Slovenia","IndoorOver100",1,2020-03-10,2020-05-31
"Slovenia","IndoorOver50",1,2020-06-15,2020-07-08
"Slovenia","IndoorOver500",1,2020-03-07,2020-03-09
"Slovenia","IndoorOver500",3,2020-06-01,2020-06-14
"Slovenia","MasksMandatoryAllSpaces",1,2020-03-30,2020-06-01
"Slovenia","MasksMandatoryClosedSpaces",1,2020-06-25,NA
"Slovenia","MasksMandatoryClosedSpacesPartial",1,2020-06-01,2020-06-24
"Slovenia","MassGatherAll",1,2020-03-07,2020-07-08
"Slovenia","NonEssentialShops",1,2020-03-15,2020-04-20
"Slovenia","OutdoorOver5",1,2020-03-19,2020-05-17
"Slovenia","OutdoorOver50",1,2020-05-18,2020-05-31
"Slovenia","OutdoorOver500",1,2020-03-10,2020-03-18
"Slovenia","OutdoorOver500",3,2020-06-01,2020-06-14
"Slovenia","RestaurantsCafes",1,2020-03-15,2020-05-03
"Slovenia","RestaurantsCafesPartial",1,2020-05-04,2020-05-18
"Slovenia","StayHomeOrder",1,2020-03-19,2020-05-04
"Slovenia","Teleworking",1,2020-03-04,NA
"Slovenia","WorkplaceClosures",1,2020-03-15,2020-05-04
"Spain","AdaptationOfWorkplace",1,2020-04-11,NA
"Spain","ClosDaycare",1,2020-03-12,2020-08-27
"Spain","ClosHigh",1,2020-03-12,2020-08-27
"Spain","ClosPrim",1,2020-03-12,2020-08-27
"Spain","ClosPubAny",1,2020-03-14,2020-05-03
"Spain","ClosPubAnyPartial",1,2020-05-04,NA
"Spain","ClosSec",1,2020-03-12,2020-08-27
"Spain","EntertainmentVenues",1,2020-03-14,2020-05-10
"Spain","EntertainmentVenuesPartial",1,2020-05-11,NA
"Spain","GymsSportsCentres",1,2020-03-14,2020-05-03
"Spain","GymsSportsCentresPartial",1,2020-05-04,NA
"Spain","HotelsOtherAccommodation",1,2020-03-14,2020-05-31
"Spain","HotelsOtherAccommodationPartial",1,2020-06-01,NA
"Spain","IndoorOver5",1,2020-03-14,2020-06-01
"Spain","IndoorOver50",1,2020-06-02,NA
"Spain","MasksMandatoryAllSpaces",1,2020-08-04,NA
"Spain","MasksMandatoryClosedSpaces",1,2020-05-04,2020-05-21
"Spain","MasksVoluntaryClosedSpaces",1,2020-03-13,2020-05-03
"Spain","MassGatherAll",1,2020-03-14,NA
"Spain","NonEssentialShopsPartial",1,2020-10-01,NA
"Spain","OutdoorOver5",1,2020-03-14,2020-06-01
"Spain","OutdoorOver50",1,2020-06-02,NA
"Spain","PlaceOfWorshipPartial",1,2020-10-01,NA
"Spain","RestaurantsCafes",1,2020-03-14,2020-05-03
"Spain","RestaurantsCafesPartial",1,2020-05-04,NA
"Spain","SocialCircle",1,2020-08-27,NA
"Spain","StayHomeGen",1,2020-03-09,2020-03-13
"Spain","StayHomeOrder",1,2020-03-14,2020-05-03
"Spain","StayHomeOrderPartial",1,2020-05-04,2020-05-11
"Spain","StayHomeRiskG",1,2020-03-12,NA
"Spain","Teleworking",1,2020-03-09,2020-04-12
"Spain","TeleworkingPartial",1,2020-04-13,NA
"Sweden","AdaptationOfWorkplace",1,2020-07-08,NA
"Sweden","AdaptationOfWorkplacePartial",1,2020-03-25,2020-07-07
"Sweden","ClosHigh",1,2020-03-18,2020-06-15
"Sweden","ClosPubAny",1,2020-07-01,NA
"Sweden","ClosSec",1,2020-03-18,2020-06-15
"Sweden","IndoorOver50",1,2020-03-28,NA
"Sweden","IndoorOver500",1,2020-03-12,2020-03-27
"Sweden","MassGatherAll",1,2020-03-12,NA
"Sweden","OutdoorOver50",1,2020-03-29,NA
"Sweden","OutdoorOver500",1,2020-03-12,2020-03-28
"Sweden","RestaurantsCafes",1,2020-07-01,NA
"Sweden","StayHomeGen",1,2020-03-10,NA
"Sweden","StayHomeRiskG",1,2020-04-01,NA
"Sweden","Teleworking",1,2020-03-16,NA
"United Kingdom","ClosDaycare",1,2020-03-23,2020-05-31
"United Kingdom","ClosDaycarePartial",1,2020-06-01,2020-09-01
"United Kingdom","ClosPrim",1,2020-03-23,2020-05-31
"United Kingdom","ClosPrimPartial",1,2020-06-01,2020-09-01
"United Kingdom","ClosPubAny",1,2020-03-16,2020-05-09
"United Kingdom","ClosPubAnyPartial",1,2020-05-10,NA
"United Kingdom","ClosSec",1,2020-03-23,2020-06-14
"United Kingdom","ClosSecPartial",1,2020-06-15,2020-09-01
"United Kingdom","EntertainmentVenues",1,2020-03-16,2020-07-02
"United Kingdom","EntertainmentVenuesPartial",1,2020-07-03,NA
"United Kingdom","GymsSportsCentres",1,2020-03-20,2020-05-12
"United Kingdom","GymsSportsCentresPartial",1,2020-05-13,2020-07-09
"United Kingdom","HotelsOtherAccommodation",1,2020-03-24,2020-07-02
"United Kingdom","IndoorOver5",1,2020-03-24,2020-07-03
"United Kingdom","IndoorOver5",3,2020-09-14,NA
"United Kingdom","IndoorOver50",1,2020-07-04,2020-09-13
"United Kingdom","MasksMandatoryClosedSpaces",1,2020-07-27,NA
"United Kingdom","MasksVoluntaryClosedSpaces",1,2020-06-09,2020-07-26
"United Kingdom","MassGatherAll",1,2020-03-24,NA
"United Kingdom","NonEssentialShops",1,2020-03-23,2020-05-09
"United Kingdom","NonEssentialShopsPartial",1,2020-05-10,2020-06-12
"United Kingdom","OutdoorOver5",1,2020-03-24,2020-05-27
"United Kingdom","OutdoorOver5",3,2020-09-14,NA
"United Kingdom","OutdoorOver50",1,2020-05-28,2020-09-13
"United Kingdom","PlaceOfWorship",1,2020-03-24,2020-05-18
"United Kingdom","RestaurantsCafes",1,2020-03-16,2020-07-02
"United Kingdom","RestaurantsCafesPartial",1,2020-09-24,NA
"United Kingdom","SocialCircle",1,2020-09-09,NA
"United Kingdom","StayHomeGen",1,2020-03-16,2020-03-23
"United Kingdom","StayHomeOrder",1,2020-03-24,2020-05-09
"United Kingdom","StayHomeOrderPartial",1,2020-05-10,2020-07-04
"United Kingdom","StayHomeRiskG",1,2020-03-16,2020-07-05
"United Kingdom","StayHomeRiskGPartial",1,2020-07-06,2020-08-01
"United Kingdom","Teleworking",1,2020-03-16,2020-05-09
"United Kingdom","TeleworkingPartial",1,2020-05-10,NA
